anonical color,raw string color
Black,Black
Blue,Navy blue
Black,Black
Brown,Dark brown
Brown,Dark brown/crocodile pattern
Brown,Brown
Brown,Brown
Red,Burgundy
Brown,Brown
Beige/Animal Print,Beige/leopard print
Black,Black
Brown,Brown
Brown,Light brown
Brown,Brown
Black,Black
White/Patterned,White/Pacha
Brown,Dark brown
Black,Black
Beige,Light beige
Beige,Beige
Brown,Brown
Brown,Dark taupe
Gray,Taupe
Brown,Brown
Red,Burgundy
Brown,Brown
Brown,Light brown
Beige,Light beige
Beige,Dark beige
Brown,Brown
Black,Black
Brown,Brown
Brown,Brown
Brown,Brown
Brown,Dark brown
Brown,Brown
Black,Black
Beige,Beige
Black,Black
Black/Animal Print,Black/zebra print
Brown,Brown
Brown,Dark brown
Black,Black
Silver,Silver-colored
Brown,Dark brown
Black,Black
Black,Black
Gray,Dark gray
Brown,Dark brown
Red,Red
White,Cream
Beige/Gold,Light beige/gold-colored
White,Cream
Black,Black
Beige,Light beige
Beige/Patterned,Light beige/patterned
Cream/Black,Cream/black
Brown,Dark brown
Green,Dark khaki green
Gray,Dark gray
Brown,Dark brown
Brown/Animal Print,Dark brown/leopard print
Red,Burgundy
Red,Burgundy
White,White
Black,Black
White,Cream
Gray,Taupe
Brown/Animal Print,Brown/leopard print
Brown,Brown
Beige,Beige
Beige/Black,Beige/black
Beige/Black,Dark beige/black
Beige,Dark beige
Beige/Black,Light beige/black
Beige,Beige
Brown,Brown
Black,Black
Green,Khaki green